True_Labels;Predicted_Values
12.16731733;12.156374
10.66651798;10.599316
10.83314711;11.110059
12.49968708;12.478458
13.16731733;13.146407
13.33243846;13.332031
10.66651798;10.734801
13.33243846;13.305141
13.0;13.000017
13.49968708;13.523671
11.83314711;11.808192
13.83314711;13.78664
10.66651798;10.662264
13.66651798;13.679892
10.66651798;10.684431
10.49968708;10.494106
12.0;12.0373125
11.49968708;11.497876
11.49968708;11.500298
12.16731733;12.138801
10.83314711;10.898739
12.16731733;12.137805
12.16731733;12.165871
12.16731733;12.167383
13.83314711;13.573389
10.33243846;10.384963
13.33243846;13.355204
13.83314711;13.846705
13.16731733;13.117455
11.0;10.984818
10.16731733;10.166574
11.0;11.066935
11.66651798;11.66885
10.33243846;10.333227
11.16731733;11.15817
10.0;10.079409
12.16731733;11.661684
12.66651798;12.552708
12.49968708;12.50442
12.33243846;12.349011
11.0;10.966924
13.16731733;13.277988
12.33243846;12.371239
12.66651798;12.728719
12.16731733;12.092546
11.16731733;11.568787
11.49968708;11.517083
14.0;13.967156
10.49968708;10.498994
12.33243846;12.331852
10.16731733;10.17824
10.66651798;10.676462
11.66651798;11.666715
13.66651798;13.667175
12.66651798;12.703453
10.66651798;10.598471
14.0;13.932687
11.16731733;11.167732
12.0;11.958734
13.33243846;13.33161
13.0;13.000343
13.49968708;13.479125
12.33243846;12.336161
13.66651798;13.681808
10.83314711;10.909948
12.0;12.069572
10.0;10.000985
11.0;11.265653
12.49968708;12.501835
13.83314711;13.837145
12.49968708;12.4671755
12.16731733;12.198903
11.83314711;11.793188
13.49968708;13.500643
12.33243846;12.359307
13.0;12.953655
14.0;13.999672
14.0;13.987146
12.66651798;12.739139
11.49968708;11.497629
10.83314711;10.878294
12.83314711;12.87328
13.0;12.98593
14.0;13.98536
12.16731733;12.241845
12.0;12.014481
10.16731733;10.147247
10.0;9.999993
13.33243846;13.262938
12.33243846;12.347779
12.49968708;12.497484
10.0;10.001397
11.0;11.0026455
10.0;10.0043335
14.0;13.980374
11.66651798;11.702268
12.16731733;12.341653
10.49968708;10.542638
12.0;11.96756
14.0;13.963245
13.49968708;13.4386835
14.0;13.999767
12.66651798;12.598197
13.66651798;13.660711
11.33243846;11.520572
10.33243846;10.333678
13.49968708;13.572172
10.66651798;10.664308
10.66651798;10.729098
10.16731733;10.167278
13.49968708;13.497913
13.49968708;13.500592
10.83314711;10.829852
10.83314711;10.840393
13.33243846;13.312725
13.0;13.056088
12.33243846;12.353021
10.83314711;10.825202
10.33243846;10.332192
12.66651798;12.720627
10.83314711;10.817204
10.83314711;10.801817
11.33243846;11.570171
10.49968708;11.180259
10.16731733;10.174001
12.0;11.888121
11.0;11.087713
13.16731733;13.156205
12.16731733;11.907431
14.0;13.989054
10.49968708;10.520225
10.16731733;10.127851
11.16731733;11.431738
13.66651798;13.666038
12.16731733;12.097448
10.83314711;10.837241
11.49968708;11.552566
13.33243846;13.156549
11.66651798;11.67016
10.33243846;10.407553
12.83314711;12.858776
13.33243846;13.334463
11.49968708;11.531484
12.66651798;12.641516
10.49968708;10.499968
11.66651798;11.643901
10.16731733;10.162217
11.83314711;11.815506
10.33243846;10.33244
13.0;13.057787
10.83314711;10.827361
10.83314711;11.444047
14.0;13.963437
13.0;13.052848
14.0;13.933127
11.33243846;11.389233
10.49968708;10.461892
10.16731733;10.174814
13.33243846;13.326883
13.49968708;13.528401
10.66651798;10.737596
12.16731733;12.079509
13.16731733;13.1427145
12.66651798;12.670732
13.66651798;13.666038
12.16731733;12.126323
10.83314711;10.810115
12.49968708;12.151024
10.66651798;10.66651
12.33243846;12.086011
11.49968708;11.494868
11.66651798;11.614022
11.16731733;11.202185
10.83314711;10.807655
13.0;13.006173
10.0;10.085352
13.16731733;13.172358
10.83314711;10.863228
12.0;12.011685
11.0;11.0078
10.33243846;10.400058
13.0;13.027823
13.0;13.000067
11.49968708;11.527248
13.16731733;13.166603
11.49968708;11.529029
11.0;11.011485
12.66651798;12.072
12.49968708;12.500224
12.66651798;12.74006
12.16731733;12.131465
12.83314711;12.801359
13.33243846;13.3881855
10.0;10.005336
12.16731733;11.962651
10.83314711;10.867976
10.66651798;10.71299
11.49968708;11.494868
12.49968708;12.254813
13.33243846;13.326883
11.0;10.988516
10.0;10.004512
12.83314711;12.836467
10.0;10.023138
14.0;13.992396
12.66651798;12.664125
12.83314711;12.832168
13.66651798;13.643315
12.49968708;12.478479
10.49968708;10.539638
11.83314711;11.837577
11.66651798;11.657584
14.0;13.303712
13.83314711;13.817661
11.66651798;11.765762
10.0;10.001504
12.83314711;12.835477
11.66651798;11.733804
10.16731733;10.020037
13.16731733;13.173848
12.33243846;12.229335
13.33243846;13.274509
11.49968708;11.505872
14.0;13.963148
13.66651798;13.620027
10.49968708;10.501884
13.0;13.049039
11.16731733;11.212351
11.0;10.996393
10.0;10.001323
12.49968708;12.529862
12.66651798;12.692263
11.66651798;11.749684
12.49968708;12.324305
13.66651798;13.6384115
11.49968708;11.56006
10.33243846;10.329465
13.33243846;13.349777
11.49968708;11.499884
11.0;10.9972925
12.49968708;12.494605
10.0;10.018801
11.16731733;11.141238
11.66651798;11.649729
11.33243846;11.258318
13.33243846;13.332043
10.33243846;10.374719
12.83314711;12.86518
11.16731733;11.525027
12.66651798;12.455222
10.66651798;10.678406
12.16731733;12.119393
13.49968708;13.48272
10.66651798;10.659025
12.49968708;12.560444
10.33243846;10.33973
10.0;10.062085
14.0;13.989824
12.0;12.006104
11.49968708;11.527508
12.49968708;12.407451
13.0;13.0072775
14.0;13.996215
11.16731733;11.218923
13.16731733;13.282772
10.83314711;10.930579
11.66651798;11.663155
11.0;11.098469
11.16731733;11.182377
13.0;12.965127
11.83314711;11.786409
13.0;12.941788
13.49968708;13.504591
11.49968708;11.525772
14.0;13.990784
12.49968708;12.500342
14.0;13.953538
12.49968708;12.539923
13.49968708;13.576456
13.0;12.995761
10.49968708;10.588418
11.33243846;11.510183
10.16731733;10.136799
13.83314711;13.8642435
12.83314711;12.806053
10.49968708;10.524507
10.0;9.999993
12.0;11.866674
12.49968708;12.5899
13.66651798;13.644539
10.83314711;10.822378
11.33243846;11.241669
13.83314711;13.820435
14.0;13.991452
11.33243846;11.265172
13.33243846;13.351461
12.49968708;12.482085
11.33243846;11.739374
12.0;11.944929
12.83314711;12.85687
12.66651798;12.66626
14.0;13.938299
11.49968708;11.492477
12.66651798;12.658805
10.33243846;10.339575
11.83314711;11.835833
12.49968708;12.395179
13.0;12.981616
12.66651798;12.674657
11.33243846;11.304135
13.83314711;13.832157
10.83314711;10.832871
13.49968708;13.525986
10.66651798;10.713908
12.66651798;12.665561
10.16731733;10.161777
10.0;10.006847
13.66651798;13.618945
10.49968708;10.502235
11.16731733;11.057303
13.66651798;13.669778
12.66651798;12.673236
10.0;10.008102
13.33243846;12.921749
14.0;13.924919
11.0;11.025169
11.33243846;11.398333
13.0;12.9959
10.0;10.005409
13.66651798;13.671667
12.83314711;12.823125
11.16731733;11.16376
13.83314711;13.864687
11.33243846;11.314209
12.33243846;12.379588
13.49968708;13.579509
11.16731733;11.1673
12.16731733;12.075449
10.66651798;10.667232
11.49968708;11.514518
10.16731733;10.26511
10.49968708;10.523505
10.33243846;10.33178
10.33243846;10.330294
11.66651798;11.694327
14.0;13.97052
12.0;12.031833
11.0;11.016379
10.16731733;10.17775
12.16731733;12.107978
10.49968708;10.5007515
11.49968708;11.498584
10.66651798;10.674943
13.49968708;13.582843
11.66651798;11.664722
11.49968708;11.562263
11.83314711;11.83543
13.49968708;13.434122
11.16731733;11.17361
12.16731733;12.147487
13.16731733;13.0520735
13.49968708;13.485202
12.0;12.017737
13.83314711;13.864466
14.0;13.960288
13.83314711;13.802651
10.66651798;10.704026
10.66651798;10.676126
13.0;12.600633
12.33243846;12.270007
10.16731733;10.233872
10.49968708;10.495595
12.33243846;12.355397
13.16731733;13.055091
14.0;13.987732
12.49968708;12.500784
12.49968708;12.50118
11.83314711;11.832328
11.49968708;11.505872
12.66651798;12.639303
13.83314711;13.833228
13.33243846;13.360657
10.16731733;10.172754
13.66651798;13.6181345
13.49968708;12.958784
12.0;12.025213
10.0;10.055652
13.49968708;13.506946
11.0;11.000458
11.83314711;11.768418
10.66651798;10.777153
13.16731733;13.050864
11.33243846;11.579475
10.0;10.018681
12.66651798;12.739097
10.0;10.000117
10.33243846;10.3326
12.83314711;12.675643
13.0;12.88511
12.66651798;12.371371
14.0;13.989683
13.0;13.057564
11.83314711;11.834901
14.0;13.970562
13.16731733;13.1344385
12.33243846;12.327532
13.66651798;13.665715
10.0;10.001759
11.49968708;11.460404
12.33243846;12.386873
12.0;12.000938
11.0;10.9182625
10.66651798;10.665639
13.0;13.000017
12.33243846;12.334785
10.66651798;10.738995
12.66651798;12.667367
12.83314711;12.8854
14.0;13.989683
12.49968708;12.496183
11.33243846;11.33151
12.33243846;12.282792
12.49968708;12.3119135
11.83314711;11.984737
10.33243846;10.308763
10.49968708;10.500938
10.66651798;10.658454
12.0;11.912552
10.16731733;10.197842
10.66651798;10.711476
10.16731733;10.046881
13.0;13.000741
13.83314711;13.83746
11.0;11.083387
12.66651798;12.662052
12.0;11.737024
12.83314711;12.846298
10.83314711;10.84727
12.16731733;12.1706085
12.49968708;12.520496
12.83314711;12.804645
13.83314711;13.835962
11.0;10.982556
13.66651798;13.705304
11.0;11.125584
13.66651798;13.680155
12.0;11.812976
10.83314711;10.904281
12.49968708;12.51239
12.83314711;12.850136
11.49968708;11.499699
12.66651798;12.537782
13.33243846;13.27556
12.49968708;12.4978485
14.0;13.990943
13.0;13.007875
11.16731733;11.1673
11.16731733;11.161186
10.49968708;10.630625
13.49968708;13.49435
11.66651798;11.924791
12.83314711;12.830652
13.83314711;13.826682
11.33243846;11.349547
14.0;13.864172
12.49968708;12.363474
13.83314711;13.808309
13.16731733;13.140645
12.66651798;12.647183
12.0;11.82628
10.83314711;10.874506
14.0;13.989151
13.66651798;13.4878025
11.33243846;11.332418
11.33243846;11.298235
13.16731733;13.052993
13.16731733;13.168667
10.66651798;10.696955
12.49968708;12.519441
13.0;13.05853
13.33243846;13.33131
11.16731733;11.581752
13.0;12.907641
13.83314711;13.833561
10.83314711;10.979989
10.66651798;10.762221
10.33243846;10.356199
12.66651798;12.402723
11.66651798;11.73054
10.33243846;10.355191
13.49968708;13.251332
12.49968708;12.500342
10.66651798;10.681255
10.16731733;10.160313
12.66651798;11.469489
13.66651798;13.671521
12.33243846;12.1666975
12.0;12.05753
12.49968708;12.548528
11.83314711;11.873204
11.33243846;11.333971
11.83314711;11.859788
10.16731733;10.184201
11.83314711;11.888035
11.33243846;11.33279
10.0;10.001667
10.66651798;10.666509
12.0;12.0028925
11.83314711;11.894525
11.49968708;11.528621
10.49968708;10.977433
13.66651798;13.734317
12.83314711;12.837342
14.0;13.907592
12.33243846;12.076929
12.0;11.980163
11.66651798;11.686745
13.16731733;13.142411
12.66651798;12.631052
11.0;11.044045
12.33243846;12.452041
13.33243846;13.221148
13.16731733;13.162297
11.16731733;11.600875
12.66651798;12.67189
12.49968708;12.305518
13.66651798;13.667491
10.16731733;10.163611
10.49968708;10.499011
12.33243846;12.332453
13.83314711;13.833327
12.49968708;12.346329
13.0;13.006065
11.66651798;11.658997
11.33243846;11.3251915
13.16731733;13.156355
11.16731733;11.089553
10.83314711;10.83407
10.0;10.017491
10.33243846;10.360107
11.49968708;11.559502
11.33243846;11.285998
10.66651798;11.008951
12.33243846;11.862313
12.16731733;12.2487335
12.33243846;12.332438
11.33243846;11.355882
11.0;10.998339
10.16731733;10.163733
13.83314711;13.842013
13.49968708;13.448161
12.49968708;11.819116
12.83314711;12.813588
14.0;13.984102
10.16731733;10.1629505
10.16731733;10.264314
13.49968708;13.489638
10.0;10.019939
11.66651798;11.6959505
11.33243846;11.3953705
12.49968708;12.495739
10.66651798;10.680065
11.33243846;11.399072
12.33243846;12.326246
12.16731733;12.184651
11.66651798;11.670401
12.0;11.998369
11.49968708;11.496214
13.16731733;13.165888
10.49968708;10.492714
10.66651798;10.694475
11.83314711;11.896674
13.16731733;13.162027
11.66651798;11.647966
11.16731733;11.1723585
11.66651798;11.665556
13.0;13.002714
11.33243846;11.330768
12.66651798;12.669808
13.33243846;13.307434
12.16731733;12.030323
13.16731733;13.070614
10.83314711;10.802536
12.16731733;12.056853
13.66651798;13.661173
10.16731733;10.154254
13.66651798;13.67517
13.83314711;13.806452
13.66651798;13.683687
12.49968708;12.494424
13.33243846;13.387959
11.33243846;11.395668
13.0;13.000496
13.66651798;13.733339
13.16731733;13.168398
12.66651798;12.486943
12.16731733;12.210442
10.16731733;10.222989
11.0;11.740624
10.16731733;10.187576
13.33243846;13.293831
13.49968708;13.240618
11.0;11.02303
10.66651798;10.712575
12.0;12.023569
13.66651798;13.62945
12.33243846;12.335117
13.0;12.992699
12.66651798;12.690336
10.33243846;10.329481
10.83314711;10.845373
11.66651798;11.700391
10.16731733;10.125638
12.83314711;12.849246
10.49968708;10.452574
11.83314711;11.744194
11.0;10.996431
12.16731733;11.840203
12.0;12.02639
12.33243846;12.287475
12.0;12.087499
12.66651798;12.571041
12.49968708;12.588341
12.66651798;12.660344
10.66651798;10.705003
10.83314711;11.295099
12.49968708;12.434242
10.83314711;10.836358
13.66651798;13.666414
12.33243846;12.361303
10.0;10.020432
12.49968708;12.500261
10.33243846;10.523367
12.33243846;12.185718
13.0;13.001695
11.66651798;11.6665325
14.0;13.989792
10.66651798;10.678239
11.33243846;11.318519
10.83314711;10.839817
10.49968708;10.882546
11.16731733;11.26904
10.0;10.033617
10.66651798;10.6991205
13.66651798;13.711265
12.33243846;11.816169
10.49968708;10.516432
13.33243846;13.3314705
10.16731733;10.207345
13.83314711;13.836388
13.0;13.035073
12.0;11.998138
10.16731733;10.167341
10.66651798;10.664875
11.33243846;11.318886
13.49968708;13.523598
12.83314711;12.876425
12.16731733;12.211469
13.16731733;13.119838
12.33243846;12.098592
10.33243846;10.37687
13.33243846;13.334566
10.33243846;10.276816
11.16731733;11.163356
12.49968708;12.499676
11.33243846;11.347355
10.16731733;10.17222
10.0;10.02881
13.66651798;13.667751
14.0;13.968974
11.0;11.032859
12.83314711;12.873339
11.49968708;11.490059
11.0;10.992248
13.49968708;13.50946
11.83314711;11.839484
11.33243846;11.33257
10.83314711;10.861742
10.83314711;10.861184
10.49968708;10.500346
13.49968708;13.500156
11.83314711;11.836559
10.16731733;10.179533
10.16731733;10.20664
11.0;11.006987
11.83314711;11.8279915
10.16731733;10.16837
12.49968708;12.499228
13.83314711;13.85225
11.16731733;11.171388
11.33243846;11.461324
12.83314711;12.867546
12.33243846;12.310996
13.33243846;13.33264
12.83314711;12.4802885
11.49968708;11.536664
10.33243846;10.319443
14.0;13.957752
13.0;12.986375
11.33243846;11.369243
14.0;13.981679
12.16731733;12.142014
10.49968708;10.465715
12.83314711;12.765861
10.16731733;10.1802225
14.0;13.902715
14.0;13.996874
12.33243846;12.209327
11.83314711;11.78439
11.33243846;11.359711
11.66651798;11.663646
12.49968708;12.447596
14.0;13.999132
11.33243846;11.441639
14.0;13.96534
12.16731733;12.148809
11.49968708;11.511562
11.0;11.766417
13.0;12.941788
12.0;12.014286
13.0;12.999203
11.16731733;11.141119
12.33243846;12.415145
14.0;13.962764
11.66651798;11.66416
10.49968708;10.525858
12.66651798;12.669136
11.33243846;11.594893
12.66651798;12.057834
11.49968708;11.540925
10.83314711;10.8019
11.0;11.028969
12.33243846;12.20701
13.0;13.023866
13.33243846;13.288841
10.0;10.033426
10.16731733;10.17668
13.0;13.003966
11.33243846;11.323648
10.33243846;10.235739
11.49968708;11.438345
11.66651798;11.83385
11.49968708;11.496605
13.16731733;13.170059
14.0;13.990933
13.83314711;13.847764
11.83314711;11.843938
12.33243846;12.33344
14.0;12.734588
12.49968708;12.578443
10.83314711;10.819254
10.0;10.026967
12.66651798;12.583484
13.33243846;13.387711
12.0;11.856529
10.16731733;10.162245
10.83314711;10.827006
10.0;9.999993
10.49968708;10.494759
11.83314711;11.8340025
10.16731733;10.16447
10.33243846;10.366591
10.83314711;10.816819
13.49968708;13.511274
11.66651798;11.679373
14.0;13.957823
10.49968708;10.507619
11.66651798;11.807003
14.0;13.934712
12.33243846;12.126043
11.83314711;11.846691
11.0;11.000011
11.33243846;11.346573
10.0;10.007017
13.0;12.970398
11.0;11.043511
12.16731733;12.307955
10.83314711;10.879466
13.33243846;13.318039
10.49968708;10.635346
13.83314711;13.825202
11.83314711;11.818631
13.49968708;13.512838
12.66651798;12.672154
10.16731733;10.164176
11.49968708;11.648891
13.83314711;13.849279
12.16731733;12.04137
11.16731733;11.443369
11.33243846;11.438189
11.33243846;11.29882
12.49968708;12.347091
12.16731733;12.25403
12.0;11.952808
13.0;13.083202
12.0;11.974229
11.0;11.062699
13.33243846;13.341433
10.49968708;10.499058
13.66651798;13.667618
13.49968708;13.501492
13.49968708;13.501979
12.83314711;12.832168
12.33243846;12.330928
10.66651798;10.539337
14.0;13.985757
10.66651798;10.771368
10.0;10.007964
10.83314711;10.826957
11.66651798;11.669936
11.83314711;11.677314
10.83314711;10.829
10.66651798;10.670743
13.33243846;13.330215
13.66651798;13.666781
13.66651798;13.663055
10.66651798;10.662642
13.16731733;13.030577
14.0;13.931862
11.0;11.035208
13.66651798;13.674221
10.33243846;10.331667
12.33243846;12.332896
13.0;12.999573
10.49968708;10.501162
10.83314711;10.822615
11.0;11.099882
10.83314711;11.384143
13.66651798;13.681954
13.33243846;13.378614
12.0;11.917998
12.49968708;12.506117
13.66651798;13.610149
12.33243846;12.397144
13.49968708;13.496597
11.0;11.007212
13.49968708;13.495463
10.33243846;10.326292
10.16731733;10.129226
12.0;12.052897
13.0;12.98085
10.0;10.00127
12.66651798;12.667506
11.66651798;11.555373
11.66651798;11.665189
12.49968708;12.460475
13.0;13.003425
13.33243846;13.33094
12.66651798;12.640735
13.16731733;13.150185
13.33243846;13.341433
10.49968708;10.790029
11.49968708;11.521091
13.66651798;13.677346
10.33243846;10.3419895
12.66651798;12.685593
12.0;11.870309
10.0;10.00381
14.0;13.98476
13.33243846;13.333317
13.49968708;13.529559
10.16731733;10.189814
12.33243846;12.3559475
10.49968708;10.515789
10.0;9.999993
12.0;11.969586
13.33243846;13.33045
12.83314711;12.586228
13.49968708;13.502986
10.33243846;10.338579
13.49968708;13.503978
12.0;12.033488
13.66651798;13.674624
13.16731733;13.262266
13.49968708;13.50612
14.0;13.992525
10.49968708;10.50005
12.49968708;12.277982
10.33243846;10.276407
12.66651798;12.661989
12.16731733;12.164373
13.66651798;13.667593
13.0;12.944996
13.83314711;13.856624
10.33243846;10.366097
10.83314711;10.938475
11.83314711;11.725493
13.33243846;13.26297
12.66651798;12.676351
10.16731733;10.153465
13.83314711;13.847574
11.33243846;11.428564
12.66651798;12.700153
13.49968708;13.500465
12.49968708;12.361872
13.66651798;13.702831
12.33243846;12.38665
12.0;11.614663
10.66651798;10.668821
11.83314711;11.830202
10.33243846;10.353323
10.66651798;10.758192
13.16731733;13.169458
12.83314711;12.849208
10.66651798;10.670121
11.16731733;11.142481
13.0;12.934303
11.16731733;11.165961
12.33243846;11.885887
10.0;10.010779
12.0;11.920324
12.16731733;12.183066
11.0;10.985153
10.16731733;10.155929
12.33243846;12.279787
13.16731733;13.119196
13.49968708;13.474803
13.49968708;13.489115
10.83314711;10.889121
10.49968708;10.498838
13.0;13.064994
12.16731733;11.920218
11.66651798;11.655917
10.16731733;10.116065
12.49968708;12.49909
13.33243846;13.349962
12.16731733;12.167044
10.33243846;10.357944
12.33243846;12.243002
12.0;11.972137
13.83314711;13.824616
10.83314711;10.771431
11.16731733;11.152484
12.16731733;12.165185
14.0;13.98447
12.33243846;12.356373
13.16731733;13.1460905
12.66651798;12.670064
10.0;10.026951
12.49968708;12.499676
11.49968708;11.573949
13.33243846;13.309019
12.83314711;12.843371
10.83314711;10.862813
10.0;9.999993
10.83314711;10.806056
12.33243846;12.332438
14.0;13.987263
14.0;13.981679
12.33243846;12.281295
13.16731733;13.166454
12.66651798;12.6843815
10.0;10.000376
10.83314711;11.104939
12.83314711;12.83086
10.66651798;10.671337
13.33243846;13.386192
13.66651798;13.672076
10.83314711;10.83124
10.16731733;10.137626
14.0;13.991637
10.83314711;11.231517
13.83314711;13.863022
10.83314711;10.894858
11.66651798;11.655121
11.83314711;11.725083
10.49968708;10.700432
11.0;10.998644
11.0;11.2912655
12.83314711;12.833129
11.16731733;11.167114
13.66651798;13.732632
12.16731733;12.106742
10.66651798;11.085797
14.0;12.906547
13.16731733;13.163057
11.33243846;11.48317
10.33243846;10.35476
13.16731733;13.143463
12.16731733;12.134203
12.49968708;12.538707
13.49968708;13.500777
10.33243846;10.341726
11.83314711;11.84519
11.49968708;11.633785
14.0;13.982657
10.16731733;10.22574
13.33243846;13.330817
12.83314711;12.748758
13.0;13.00118
11.49968708;11.525233
13.83314711;13.84909
11.66651798;11.702028
12.66651798;12.558445
13.83314711;13.832651
12.66651798;12.645185
12.16731733;12.128394
10.0;10.0479965
13.66651798;13.666038
10.66651798;10.613506
13.0;12.994449
10.83314711;10.830085
12.16731733;11.96183
11.49968708;11.728369
14.0;13.861082
14.0;13.989162
11.49968708;11.691243
13.83314711;13.84756
11.49968708;11.377422
11.16731733;11.166742
11.33243846;11.3316345
13.16731733;13.167517
12.49968708;11.983499
11.49968708;11.492261
11.49968708;11.51308
11.66651798;11.653971
12.66651798;12.574294
10.66651798;10.666397
11.33243846;11.328375
12.33243846;12.4193125
12.16731733;12.200101
12.49968708;12.4671755
13.16731733;13.165439
12.83314711;12.857343
10.66651798;11.698004
10.0;10.001175
12.16731733;12.196236
11.16731733;11.30217
10.33243846;10.330594
13.83314711;13.78013
11.33243846;11.375335
13.16731733;13.15618
14.0;13.976858
13.66651798;13.682592
10.0;10.000886
11.0;10.998703
13.83314711;13.801874
12.16731733;12.155791
12.66651798;12.6711445
12.33243846;11.972134
10.16731733;10.164994
10.33243846;10.264562
12.49968708;12.348775
14.0;13.958693
10.66651798;10.6562395
10.33243846;10.334268
10.0;10.001508
11.49968708;11.505896
11.66651798;11.783169
13.66651798;13.705341
12.0;11.734331
10.0;10.008116
11.0;11.054657
10.49968708;10.51963
10.0;10.00231
10.0;10.00189
11.33243846;11.332865
12.66651798;12.669693
12.16731733;12.160124
11.49968708;11.498336
10.49968708;10.500306
11.16731733;11.160994
13.66651798;13.724939
13.83314711;13.756044
11.83314711;11.827049
13.49968708;13.502043
13.16731733;13.162981
13.66651798;13.609684
12.66651798;12.671071
11.0;11.000011
10.33243846;10.321781
12.49968708;12.552435
12.83314711;12.66737
11.83314711;11.89433
11.83314711;11.885358
10.66651798;10.758536
10.33243846;10.308708
11.33243846;11.261362
10.49968708;10.477028
11.66651798;11.754098
13.83314711;13.937024
13.0;13.00024
12.49968708;12.508084
13.16731733;13.219374
11.0;11.000011
12.0;11.996584
13.83314711;13.811373
13.49968708;13.365127
13.83314711;13.812022
12.16731733;12.154255
11.33243846;11.309909
13.66651798;13.662651
14.0;13.984734
11.49968708;11.529062
10.16731733;10.153854
11.16731733;11.173837
10.0;10.033263
12.16731733;12.103025
11.33243846;11.322721
13.49968708;13.482295
10.16731733;10.273145
13.83314711;13.800001
10.0;10.041182
11.0;10.994171
11.49968708;11.526587
12.49968708;12.499274
10.0;10.011382
10.33243846;10.331975
11.49968708;11.554205
12.16731733;12.053083
10.0;10.006205
10.83314711;10.835539
12.49968708;12.544911
11.83314711;11.8293915
13.49968708;13.502205
10.33243846;10.501053
12.33243846;11.97861
10.33243846;10.331437
11.66651798;11.7854805
10.33243846;10.263841
13.83314711;13.839523
13.83314711;13.54096
12.83314711;12.833129
13.83314711;13.849279
10.33243846;10.319552
11.0;11.032179
12.33243846;12.306885
10.33243846;10.362897
14.0;13.933058
10.16731733;10.198674
10.83314711;10.798596
10.66651798;10.658075
12.83314711;12.718743
13.49968708;13.487669
12.16731733;11.948426
13.0;13.08579
10.33243846;10.33273
11.33243846;11.331538
12.16731733;11.9965515
12.66651798;12.666383
13.0;13.000393
13.0;13.001326
12.49968708;12.543798
12.66651798;12.680363
13.83314711;13.859037
12.66651798;12.667464
10.83314711;10.788218
11.66651798;11.661111
12.33243846;12.265548
12.49968708;12.307034
11.16731733;11.213248
10.49968708;10.420528
12.16731733;12.155176
12.66651798;12.555905
12.49968708;12.497196
11.0;11.041819
10.49968708;10.433076
10.49968708;10.505634
10.49968708;10.415783
10.0;10.015527
10.0;10.000663
12.16731733;12.107451
13.66651798;13.683799
10.49968708;10.532158
14.0;13.906974
12.0;12.014286
12.66651798;12.674442
12.16731733;12.167044
12.16731733;12.05224
14.0;13.928377
12.16731733;11.990984
12.33243846;12.333778
10.83314711;10.885459
11.0;10.99885
12.16731733;12.219873
13.66651798;13.572714
10.83314711;10.858024
11.0;11.423291
11.66651798;11.6584215
10.33243846;10.373044
10.66651798;10.975904
12.16731733;12.151478
14.0;13.972531
11.49968708;11.509683
13.83314711;13.843033
13.83314711;13.92357
13.0;12.938405
14.0;13.933985
13.66651798;13.655376
10.0;10.015814
11.0;11.05491
10.49968708;10.689827
13.83314711;13.844044
13.33243846;13.3336735
13.16731733;13.069026
10.0;10.015118
13.33243846;13.396698
11.33243846;11.31499
10.16731733;10.148928
12.33243846;12.329078
10.33243846;10.290152
12.33243846;12.336258
12.83314711;12.851582
11.49968708;11.459958
11.16731733;11.175575
10.33243846;10.372225
13.16731733;12.780582
13.66651798;13.642579
10.16731733;10.146563
11.0;11.054245
12.0;12.006377
12.83314711;12.841331
11.16731733;11.258462
10.33243846;10.443918
11.33243846;11.558954
12.83314711;12.820805
10.0;10.049166
10.66651798;10.646431
12.83314711;12.836497
13.49968708;13.532018
10.49968708;10.528155
10.0;10.011042
12.16731733;12.167322
11.0;11.057556
12.0;11.973859
12.33243846;12.199875
11.16731733;11.165069
13.0;13.044281
11.83314711;11.828221
10.16731733;10.148909
12.33243846;11.853456
10.66651798;10.67037
11.0;11.000011
12.49968708;12.468289
12.0;11.998964
13.83314711;13.855028
10.83314711;10.825955
11.49968708;11.499699
12.33243846;12.322231
12.83314711;12.8464985
12.83314711;12.83306
11.83314711;11.955391
10.66651798;10.713245
14.0;13.950883
13.49968708;13.416193
13.16731733;13.171277
11.33243846;11.503943
13.16731733;13.248641
12.49968708;12.500425
10.66651798;10.716022
12.49968708;12.530985
13.49968708;13.475209
11.49968708;11.480698
11.33243846;11.333571
10.16731733;10.186698
12.33243846;12.373006
10.0;10.016478
13.83314711;13.808938
13.0;13.006173
13.0;13.03378
10.49968708;10.500701
14.0;13.987421
10.16731733;10.110214
10.16731733;10.164903
13.33243846;13.386662
12.33243846;12.296545
12.16731733;12.125603
13.16731733;13.096402
13.49968708;13.488562
13.49968708;13.525986
11.16731733;11.27542
11.83314711;11.832156
13.16731733;13.109671
12.16731733;12.22784
12.16731733;12.171297
13.49968708;13.50065
11.49968708;11.544177
13.0;12.990209
11.0;11.049634
10.66651798;10.645889
13.66651798;13.700755
10.33243846;10.329678
11.83314711;11.72935
13.49968708;13.500139
10.33243846;10.308933
12.83314711;12.781927
12.49968708;12.497595
10.66651798;10.694596
12.16731733;12.178132
11.0;10.977358
13.0;12.927939
13.49968708;13.405473
11.66651798;11.676942
14.0;13.988814
11.0;10.892668
13.83314711;13.771281
10.16731733;10.161157
11.16731733;11.157392
10.66651798;10.635133
13.49968708;13.453526
10.16731733;10.16599
13.49968708;13.446555
10.49968708;10.484033
13.16731733;13.172596
12.49968708;12.529387
13.66651798;13.637084
12.33243846;12.068508
11.83314711;11.865484
12.49968708;12.289137
14.0;13.302338
13.0;13.052647
13.33243846;13.333078
11.0;10.972911
11.33243846;11.331342
11.33243846;11.331979
13.83314711;13.8199005
12.49968708;12.51302
13.83314711;13.766978
12.16731733;12.001254
10.33243846;10.340213
11.83314711;11.730445
10.33243846;10.281151
13.83314711;13.859717
12.0;12.016501
12.66651798;12.583796
14.0;13.987657
13.0;13.011742
12.83314711;12.833728
12.16731733;12.1510315
13.83314711;13.834132
12.16731733;12.152085
13.16731733;13.076087
12.83314711;12.8627
13.0;12.941506
11.66651798;11.812726
12.16731733;12.130308
12.33243846;12.377185
10.16731733;10.188849
13.16731733;13.146291
12.16731733;11.8726015
10.16731733;10.132872
14.0;13.970058
10.66651798;10.659208
12.16731733;12.056676
10.33243846;10.328018
12.0;11.959358
11.33243846;11.550164
11.66651798;11.64343
10.49968708;10.703378
12.66651798;12.690142
11.83314711;12.026488
10.49968708;10.570192
10.49968708;10.50005
12.66651798;12.686557
12.0;11.992885
12.16731733;11.940563
10.0;10.018828
12.83314711;12.770812
12.83314711;12.758737
12.0;11.916156
11.49968708;11.457719
12.0;11.817012
12.66651798;12.6831045
11.49968708;11.458703
12.83314711;12.847727
11.66651798;11.721449
13.66651798;13.638804
13.66651798;13.638385
11.83314711;11.854141
11.49968708;11.515972
10.83314711;11.347608
12.49968708;12.484163
12.49968708;12.262225
11.66651798;11.667097
12.83314711;12.857535
13.66651798;13.671507
10.66651798;10.73853
11.0;11.222498
11.66651798;11.679667
14.0;13.9999895
11.33243846;11.332738
13.33243846;13.386452
14.0;13.980733
13.33243846;13.31967
10.16731733;10.1668825
11.83314711;11.818662
11.0;11.031462
11.33243846;11.337494
10.49968708;10.53107
10.16731733;10.223148
12.66651798;12.584499
12.0;11.887066
10.49968708;10.508354
11.33243846;11.667731
13.66651798;13.524155
12.66651798;12.686817
10.49968708;11.4313545
13.49968708;13.496782
12.49968708;12.4651375
12.83314711;12.892478
13.33243846;13.352499
13.83314711;13.77125
11.83314711;11.843754
11.33243846;11.300744
11.49968708;11.416521
11.33243846;11.332418
11.83314711;11.854192
11.0;11.054415
12.16731733;12.100337
13.49968708;13.365127
13.33243846;13.328112
13.49968708;13.48082
12.83314711;12.859711
10.49968708;10.467752
13.66651798;13.662909
14.0;13.999672
13.0;12.97795
11.16731733;11.201573
13.0;13.027011
13.16731733;13.221816
10.49968708;10.498342
12.66651798;12.688081
13.49968708;13.490595
10.66651798;10.694168
13.83314711;13.84756
14.0;13.951121
13.49968708;13.503397
10.16731733;10.267439
11.66651798;11.684648
10.16731733;10.139674
11.83314711;11.730343
13.0;12.978857
10.83314711;11.076036
10.33243846;10.264953
10.66651798;10.66562
11.49968708;11.537085
13.66651798;13.674184
11.33243846;11.337314
14.0;13.963513
11.66651798;11.5895605
12.66651798;12.648844
13.49968708;13.495128
13.49968708;13.365998
12.49968708;12.444329
10.49968708;10.443939
11.66651798;11.70691
11.83314711;11.808787
13.83314711;13.830785
13.49968708;13.496426
10.33243846;10.331207
12.16731733;12.21462
13.33243846;13.334354
12.66651798;12.66626
12.16731733;12.20778
11.0;11.001095
10.83314711;10.826695
12.83314711;12.833505
10.0;10.006812
11.0;11.019008
13.33243846;13.328726
12.66651798;12.670592
12.33243846;11.697044
10.83314711;10.833416
10.33243846;10.249958
10.66651798;10.668651
10.33243846;10.337211
14.0;13.9880905
12.33243846;12.218981
13.66651798;13.665179
12.0;12.06135
12.66651798;12.67037
13.66651798;13.588003
13.33243846;13.343096
11.66651798;11.666477
11.49968708;11.666304
10.16731733;10.166628
13.16731733;13.170306
10.83314711;10.857036
12.33243846;12.0831785
10.0;10.028674
11.33243846;11.331174
13.66651798;13.687172
13.83314711;13.81395
13.83314711;13.855081
11.33243846;11.3839855
11.16731733;11.53936
12.83314711;12.795456
11.49968708;11.509771
11.33243846;11.330182
10.49968708;10.458983
13.83314711;13.824876
10.83314711;10.8608265
11.16731733;11.1673
13.83314711;13.782495
13.0;13.04415
11.49968708;11.534857
12.33243846;12.399612
13.49968708;13.454193
13.83314711;13.814717
10.66651798;10.65792
13.33243846;13.3291
11.66651798;11.7492285
13.16731733;13.169925
12.33243846;12.210077
11.49968708;11.541597
12.0;12.063335
13.49968708;13.453387
13.66651798;13.6716175
11.0;10.970732
11.0;11.029175
11.33243846;11.394361
13.49968708;13.476749
10.16731733;10.139542
12.0;12.070817
13.16731733;13.277435
13.33243846;13.356888
11.83314711;11.860283
11.66651798;11.6637125
11.16731733;11.160397
11.49968708;11.50055
12.66651798;12.578152
12.66651798;12.584499
12.16731733;12.170361
10.0;10.00419
10.66651798;10.660321
10.16731733;10.160043
11.66651798;11.63979
10.16731733;10.168698
10.66651798;10.669864
13.0;13.000017
11.33243846;11.329081
11.66651798;11.614279
11.66651798;11.616547
10.66651798;10.892643
13.33243846;13.352055
11.83314711;11.793609
11.83314711;11.728641
11.83314711;11.850091
10.83314711;10.876119
11.16731733;11.412599
10.0;10.001444
13.83314711;13.92357
14.0;13.975747
13.66651798;13.668804
11.83314711;11.785678
13.49968708;13.493865
13.16731733;13.23741
12.0;12.009095
14.0;13.974365
11.33243846;11.469012
11.49968708;11.356969
11.49968708;11.506213
12.49968708;12.480553
10.16731733;10.167432
12.16731733;12.198409
11.66651798;11.646371
14.0;13.394763
10.66651798;10.665194
10.49968708;10.507586
10.33243846;10.442609
12.0;11.825455
10.33243846;10.250689
13.49968708;13.502836
11.16731733;11.440627
13.0;13.001579
12.33243846;12.332453
13.16731733;13.147235
12.33243846;12.439921
14.0;13.955215
14.0;13.982525
11.33243846;11.222232
10.33243846;10.387636
11.16731733;11.166952
13.83314711;13.766501
11.33243846;11.33909
12.0;12.010013
13.0;13.000017
12.49968708;12.014255
13.83314711;13.860077
12.83314711;12.691644
13.49968708;13.499064
10.33243846;10.325083
12.66651798;12.568475
12.33243846;12.32951
10.33243846;10.285327
13.66651798;13.683829
10.66651798;10.789047
13.83314711;13.867767
12.83314711;12.821736
12.33243846;12.278608
10.16731733;10.1708145
12.33243846;12.325004
10.16731733;10.180628
10.83314711;10.823448
10.66651798;10.6650305
12.33243846;12.322179
11.16731733;11.173613
13.33243846;13.328772
12.16731733;12.098183
12.66651798;12.678294
12.49968708;12.219353
10.16731733;10.163785
12.16731733;12.218508
12.66651798;12.508222
10.66651798;10.672513
13.16731733;13.140136
13.16731733;13.138934
10.49968708;10.520386
13.49968708;13.495204
10.33243846;10.387312
10.16731733;10.159205
11.83314711;11.837298
12.33243846;12.321498
12.49968708;12.540764
10.16731733;10.194346
13.33243846;13.328003
10.66651798;10.676026
13.33243846;13.328159
10.0;10.006798
12.83314711;12.833157
10.0;10.001729
11.66651798;11.683326
11.16731733;11.174775
12.0;11.925847
13.33243846;13.313467
11.83314711;11.777878
11.49968708;11.499699
12.66651798;12.644518
12.16731733;12.191456
13.16731733;13.141187
10.83314711;10.859876
13.16731733;13.15317
10.49968708;10.357994
11.0;10.998305
10.0;10.013401
14.0;13.955721
11.0;11.00594
12.0;11.998138
10.83314711;10.789254
10.16731733;10.162537
12.83314711;12.822315
10.16731733;10.164676
12.33243846;12.366313
10.16731733;10.416002
11.66651798;11.716744
12.49968708;12.499676
12.83314711;12.837261
10.66651798;10.651804
10.49968708;10.50354
13.83314711;13.841271
12.83314711;12.794307
12.83314711;12.837418
11.49968708;11.555459
11.66651798;11.723708
10.66651798;10.662735
11.66651798;11.639105
12.33243846;12.35264
13.83314711;13.942262
12.16731733;12.220981
12.83314711;12.861767
10.83314711;10.830251
13.49968708;13.52482
10.83314711;10.870854
13.33243846;13.326883
12.66651798;12.66715
12.83314711;12.843149
13.83314711;13.8438015
11.49968708;11.594976
13.66651798;13.658462
10.16731733;10.56476
13.83314711;13.835408
13.33243846;12.928421
11.16731733;11.1673
11.49968708;11.478929
10.66651798;10.575727
14.0;12.986617
11.0;11.043036
12.66651798;12.689998
12.0;11.943891
13.33243846;13.342873
11.0;10.997735
12.0;12.13754
11.66651798;11.710034
11.33243846;11.257613
13.0;12.962729
13.33243846;13.35388
13.66651798;13.645242
13.0;12.986028
10.16731733;10.169694
11.83314711;11.928921
12.49968708;12.550014
11.49968708;11.5404415
12.0;11.899236
10.83314711;10.957262
12.83314711;12.833006
11.83314711;11.877632
13.83314711;13.830942
10.49968708;10.438025
14.0;13.999132
12.16731733;12.174506
13.83314711;13.79842
11.83314711;11.836945
11.49968708;11.499149
12.16731733;12.158127
12.49968708;12.431075
13.66651798;13.666532
11.49968708;11.632123
11.16731733;11.141437
10.83314711;10.846804
12.49968708;12.501582
12.16731733;11.888523
12.49968708;12.386873
13.16731733;13.181551
12.83314711;12.835785
10.66651798;10.700685
12.83314711;12.709335
10.83314711;10.886112
13.33243846;13.303998
11.49968708;11.541187
12.33243846;12.258004
10.16731733;10.1335945
13.33243846;13.322958
11.66651798;11.665885
14.0;12.93138
10.0;10.004288
13.66651798;13.725088
11.66651798;11.664716
10.0;10.018714
13.0;13.025462
14.0;13.915688
12.16731733;11.826684
11.16731733;11.289565
13.49968708;13.4988165
14.0;13.991065
10.49968708;10.4994545
12.33243846;12.310558
10.33243846;10.338786
12.16731733;12.179528
10.0;10.080333
10.16731733;10.780907
13.83314711;13.829051
10.16731733;10.164602
11.49968708;11.477814
12.49968708;12.382032
13.83314711;13.862866
12.33243846;12.332438
10.33243846;10.351664
12.0;12.074572
13.16731733;13.16432
10.16731733;10.13935
12.66651798;12.624907
11.83314711;11.837445
14.0;13.91491
11.0;11.11175
13.16731733;13.168398
12.49968708;12.522997
13.83314711;13.814575
13.49968708;13.410326
11.16731733;11.199933
13.49968708;13.490595
11.66651798;11.738532
13.0;13.001598
11.49968708;11.489893
11.0;10.9965925
11.16731733;11.166631
12.49968708;11.813497
13.83314711;13.826388
12.16731733;12.211461
10.0;10.001109
10.83314711;11.269723
13.33243846;13.3314705
10.33243846;10.352025
11.16731733;11.244231
13.16731733;13.154741
11.16731733;11.147616
13.0;12.998131
11.66651798;11.654927
13.33243846;13.311991
13.83314711;13.863387
12.66651798;12.667903
10.83314711;10.832911
11.49968708;11.524138
11.49968708;11.490514
10.49968708;10.631808
11.66651798;11.687481
12.66651798;12.478812
11.33243846;11.3318815
12.16731733;12.271359
13.66651798;13.705564
13.0;13.053092
11.49968708;11.371583
11.33243846;11.332642
10.66651798;10.658269
12.83314711;12.834494
11.33243846;11.369178
10.66651798;10.672066
12.49968708;12.551622
12.16731733;12.161009
13.16731733;12.9875555
10.0;10.045209
10.83314711;10.831871
11.16731733;11.538286
10.49968708;10.511695
14.0;13.988064
14.0;13.990784
10.33243846;10.302788
12.0;12.163192
11.33243846;11.62053
11.83314711;11.720738
10.49968708;10.500286
13.83314711;13.832281
11.0;11.536783
13.33243846;13.334528
12.16731733;12.169909
13.16731733;13.225588
13.83314711;13.871718
12.33243846;12.386873
14.0;13.914687
11.49968708;11.670605
10.33243846;10.306406
13.33243846;13.323038
12.83314711;12.890561
12.0;12.068497
10.0;10.012544
12.49968708;12.455124
12.0;12.027043
13.83314711;13.841172
12.33243846;12.238832
13.83314711;13.847389
13.0;12.993143
12.0;12.009571
13.66651798;13.6746
11.0;10.994469
13.83314711;13.853967
12.16731733;12.159598
11.66651798;11.54015
11.49968708;11.873422
12.49968708;12.332958
10.33243846;10.328177
10.16731733;10.217065
12.66651798;12.673843
10.16731733;10.151464
12.0;12.046373
10.16731733;10.07604
10.83314711;10.85901
10.33243846;10.343109
13.0;12.866928
12.49968708;12.379616
11.0;11.012632
11.16731733;11.167114
10.33243846;10.331502
10.0;10.068434
13.66651798;13.670436
11.49968708;11.50979
11.83314711;11.779624
13.0;13.077962
12.0;12.000161
13.16731733;13.167259
11.0;11.061251
12.66651798;12.736941
14.0;13.996652
12.66651798;12.746202
10.83314711;10.830847
12.66651798;12.666506
12.16731733;12.166064
11.33243846;11.332418
10.33243846;10.292336
11.66651798;11.701827
11.83314711;11.8354845
10.49968708;10.484997
10.66651798;10.674878
10.66651798;10.663799
13.83314711;13.773817
13.33243846;13.385126
12.0;12.002637
11.33243846;11.334306
13.16731733;13.13624
11.16731733;11.132631
11.83314711;11.72245
10.16731733;10.166658
11.66651798;11.698681
13.0;12.997983
11.66651798;11.683529
13.66651798;13.619611
13.16731733;13.148509
11.0;11.000458
11.66651798;11.661644
13.16731733;12.801989
10.16731733;10.188928
10.49968708;10.509345
12.83314711;12.839463
11.33243846;11.377743
12.33243846;12.332896
14.0;13.998065
13.33243846;13.384905
12.16731733;12.133934
13.83314711;13.797289
13.16731733;13.192463
13.33243846;13.156443
12.66651798;12.666038
10.33243846;10.332242
11.33243846;11.33461
13.16731733;13.175477
10.0;10.019564
10.0;10.003459
12.66651798;12.537209
12.16731733;12.21942
11.49968708;11.508327
11.16731733;11.483
12.16731733;12.149494
11.83314711;11.73248
10.66651798;10.694382
13.83314711;13.871716
12.33243846;12.3221245
11.16731733;11.166631
11.33243846;11.344705
10.66651798;11.339802
12.16731733;12.221252
12.16731733;12.0862875
13.66651798;13.578715
12.16731733;12.184977
10.66651798;10.669614
13.66651798;13.6817
10.16731733;10.201106
11.83314711;11.916442
12.33243846;12.225044
10.0;10.024402
11.16731733;11.1673
12.66651798;12.489563
12.16731733;12.073386
12.33243846;12.245895
12.33243846;12.350259
12.66651798;12.710314
13.66651798;13.644563
13.83314711;13.84551
11.33243846;11.331441
12.83314711;12.87558
13.83314711;13.874466
12.66651798;12.703463
12.0;11.970683
12.49968708;12.5193615
13.0;12.9957285
13.33243846;13.331493
13.49968708;13.524227
13.33243846;13.3875475
10.49968708;10.491049
10.0;10.007757
10.83314711;10.844309
12.66651798;12.662211
10.66651798;10.668656
10.0;10.004179
11.83314711;11.830691
11.16731733;11.306081
14.0;13.973199
12.33243846;12.332438
12.49968708;12.405581
11.83314711;11.824718
12.66651798;12.640931
13.83314711;13.921862
10.83314711;10.8479805
10.49968708;10.51407
10.49968708;10.499814
11.16731733;11.165007
12.83314711;12.833484
11.33243846;11.3275175
12.33243846;12.3679905
11.33243846;11.332854
11.83314711;11.854691
12.49968708;12.315844
10.16731733;10.184344
11.33243846;11.332725
11.49968708;11.550367
13.33243846;13.332411
10.49968708;10.595087
13.66651798;13.563709
10.16731733;10.112821
13.33243846;13.33383
13.83314711;13.842313
13.83314711;13.855631
11.49968708;11.538747
12.0;12.000151
10.66651798;10.650635
11.83314711;11.816532
11.66651798;11.67296
13.0;13.000017
12.66651798;12.667903
11.66651798;11.696387
13.66651798;13.587037
10.49968708;10.499903
13.33243846;13.282478
12.66651798;12.670528
12.83314711;12.773472
10.0;10.1070175
12.0;12.031486
13.83314711;13.78664
12.16731733;12.13061
10.83314711;10.836546
13.33243846;13.290898
12.16731733;12.223111
13.16731733;13.162565
13.0;12.991117
10.16731733;10.169659
14.0;13.944693
13.83314711;13.833783
10.0;10.009293
11.83314711;11.822414
13.16731733;13.171701
13.0;12.935502
13.0;12.993672
11.0;10.999305
10.16731733;10.162023
12.49968708;12.503701
12.33243846;12.432441
13.0;12.997538
10.33243846;10.331822
11.83314711;11.75677
11.66651798;11.777838
13.49968708;12.927897
10.66651798;11.190697
12.16731733;12.15565
13.49968708;13.449435
10.0;10.018541
11.16731733;11.169319
14.0;13.987469
12.0;11.758211
10.49968708;10.50002
12.83314711;12.831059
11.49968708;11.603619
10.16731733;10.241277
12.33243846;12.371713
10.49968708;10.530202
11.66651798;11.610576
10.16731733;10.171873
10.33243846;10.284649
13.0;13.0085335
12.33243846;12.406876
10.33243846;10.370463
11.16731733;11.369629
12.66651798;12.592565
14.0;13.999767
11.66651798;11.717815
10.0;10.053082
14.0;13.939905
11.49968708;11.702887
14.0;13.987428
11.66651798;11.749556
12.49968708;12.50151
12.0;12.030534
10.33243846;10.334475
10.33243846;10.290223
14.0;13.980271
13.66651798;13.609167
10.83314711;10.834945
12.49968708;12.510722
11.66651798;11.743728
12.66651798;12.668454
12.33243846;12.292237
13.49968708;13.500073
13.66651798;13.643025
12.0;11.969341
12.49968708;12.501479
10.49968708;10.50309
13.0;12.998781
10.0;10.023243
13.33243846;13.335144
13.33243846;13.350489
11.66651798;11.663275
10.0;9.999993
12.66651798;12.664153
10.33243846;10.371126
12.33243846;12.462765
13.0;13.080474
14.0;13.990599
13.49968708;13.49775
12.83314711;12.8301325
12.16731733;12.226151
11.83314711;11.971975
14.0;13.986588
10.16731733;10.17697
10.16731733;10.190048
13.49968708;13.503263
14.0;13.9872
13.0;13.000344
12.83314711;12.833129
13.66651798;13.535802
12.83314711;12.796578
10.0;10.001632
13.83314711;13.854013
13.66651798;13.674125
12.83314711;12.824401
10.33243846;10.353523
12.66651798;12.66356
11.83314711;11.862837
13.49968708;13.508766
11.0;10.999567
13.33243846;13.33264
10.16731733;10.161991
12.83314711;12.879685
10.0;10.016002
13.83314711;13.842631
12.66651798;12.542871
12.83314711;12.674886
10.33243846;10.393391
12.83314711;12.7486515
10.66651798;10.667838
13.33243846;13.333761
13.49968708;13.420263
10.49968708;10.488578
13.16731733;13.14085
13.0;13.006173
13.83314711;13.848584
10.66651798;10.956328
13.33243846;13.330009
10.66651798;10.661541
10.0;10.012922
13.83314711;13.840199
11.83314711;11.832739
10.66651798;10.662817
11.49968708;11.499066
14.0;13.973805
13.0;12.992416
12.16731733;12.201027
10.0;10.027343
11.49968708;11.409116
10.49968708;10.503075
11.16731733;11.163842
10.33243846;10.193346
12.49968708;12.5006075
10.0;10.000117
13.33243846;13.396478
12.49968708;12.427466
10.16731733;10.165783
13.49968708;13.495112
11.33243846;11.324093
11.16731733;11.203543
13.66651798;13.586636
11.16731733;11.174712
10.16731733;10.163217
10.83314711;10.8646555
10.66651798;10.720366
10.66651798;10.665152
12.66651798;12.671538
12.83314711;12.840033
13.83314711;13.832384
12.0;12.00523
13.33243846;13.235203
11.66651798;11.719326
10.66651798;10.671311
11.0;11.032807
13.66651798;13.683687
10.16731733;10.163173
11.83314711;11.832969
10.16731733;10.201381
10.83314711;10.8192215
13.66651798;13.659381
13.83314711;13.863227
12.49968708;12.505923
10.66651798;10.68091
12.49968708;12.369913
10.66651798;10.674579
10.66651798;10.662095
10.83314711;10.856033
13.16731733;13.204655
14.0;13.990176
12.0;11.999832
12.66651798;12.659585
10.0;10.018098
11.33243846;11.195356
10.83314711;10.858311
13.33243846;13.322929
11.16731733;11.193131
10.83314711;11.190325
12.0;11.981809
10.33243846;10.22637
12.33243846;12.127439
13.0;12.938493
11.66651798;11.657584
10.33243846;10.329339
11.49968708;11.564615
11.0;10.914368
11.16731733;11.178276
13.0;12.988435
10.16731733;10.131671
10.0;10.005262
12.83314711;12.831352
12.33243846;12.341514
11.16731733;11.151561
12.66651798;12.640656
12.66651798;12.670849
10.66651798;10.662556
11.49968708;11.47882
13.66651798;13.641955
13.66651798;13.682696
10.16731733;10.164003
11.16731733;11.239566
12.33243846;12.397771
10.66651798;10.67079
11.49968708;11.583612
12.49968708;12.446547
12.66651798;12.493485
13.49968708;13.543734
11.33243846;11.331319
12.83314711;12.83432
13.0;12.867564
10.33243846;10.327423
10.49968708;10.523974
14.0;13.97723
13.33243846;13.328049
12.83314711;12.853699
11.33243846;11.334203
11.0;11.000426
12.83314711;12.832097
12.66651798;12.667883
11.49968708;11.499699
12.66651798;12.671539
10.16731733;10.138347
12.33243846;12.311634
10.66651798;11.284207
11.16731733;11.178384
13.16731733;13.167517
10.0;10.049657
10.16731733;10.152245
10.0;10.010086
12.33243846;12.299479
10.66651798;10.711282
11.49968708;11.549037
11.33243846;11.332642
10.66651798;10.700493
11.0;11.011296
11.49968708;11.575267
13.49968708;13.499249
13.33243846;13.330334
12.33243846;12.433273
12.66651798;12.554243
10.33243846;10.302658
10.16731733;10.132579
14.0;13.967458
12.33243846;12.293239
13.16731733;13.162027
12.0;11.992885
11.33243846;11.329767
10.49968708;10.492293
13.83314711;13.842818
12.16731733;11.757637
10.66651798;10.680147
12.49968708;12.499676
11.83314711;11.870963
11.49968708;11.362405
11.83314711;11.788955
12.83314711;12.811469
10.66651798;10.734993
13.49968708;13.504196
12.83314711;12.799098
11.83314711;11.854926
12.0;11.995991
11.0;11.00097
14.0;13.954406
13.0;13.046604
12.49968708;12.508787
13.66651798;13.67094
10.16731733;10.167537
10.16731733;10.173529
10.0;10.017502
10.33243846;10.335506
10.33243846;10.291842
12.16731733;12.167044
11.33243846;11.332144
12.33243846;12.237398
10.83314711;11.035318
13.0;13.005084
10.33243846;10.332303
14.0;13.965843
12.0;12.039173
11.0;10.998034
12.83314711;12.849326
10.49968708;10.494058
12.49968708;12.279161
10.33243846;10.430986
10.33243846;10.345962
12.83314711;12.818248
10.16731733;10.191321
12.83314711;12.829991
12.66651798;12.58434
12.66651798;12.556345
13.0;13.000538
11.33243846;11.769339
11.33243846;11.33398
10.66651798;10.660435
11.83314711;11.818867
12.33243846;12.299969
11.33243846;11.489073
10.83314711;11.459201
11.16731733;11.172313
11.0;10.999599
12.33243846;11.988669
13.0;13.01441
10.33243846;10.350619
10.83314711;10.83977
11.49968708;11.527663
10.66651798;10.620411
13.16731733;13.097928
12.83314711;12.8439045
11.49968708;11.572648
11.49968708;11.499642
11.49968708;11.561402
11.66651798;11.941636
13.33243846;13.332411
12.16731733;12.076114
11.66651798;11.609872
13.49968708;13.490818
12.16731733;12.171057
14.0;13.951191
12.66651798;12.561902
11.16731733;11.165096
13.16731733;13.168699
10.83314711;10.856208
13.33243846;13.315441
12.0;12.088124
12.33243846;12.272864
11.66651798;11.663665
10.49968708;10.450332
11.33243846;11.558721
11.16731733;11.1545925
11.83314711;11.785579
13.0;12.991117
12.66651798;12.747143
13.66651798;13.677622
10.66651798;11.133932
13.49968708;13.497627
13.0;12.960387
13.83314711;13.828011
12.16731733;11.825433
11.33243846;11.358377
10.16731733;10.214565
12.66651798;12.694335
11.33243846;11.444766
11.83314711;11.748804
10.33243846;10.385915
12.33243846;12.331338
14.0;13.986588
11.16731733;11.196745
13.33243846;13.325289
10.33243846;10.33979
12.66651798;12.663161
12.16731733;12.141422
13.16731733;13.1713295
14.0;13.9999895
11.83314711;11.6152115
11.33243846;11.332551
12.83314711;12.776244
12.0;11.688944
10.83314711;10.921383
10.0;10.007637
12.83314711;12.854387
13.16731733;13.158254
11.66651798;11.696824
14.0;13.908991
11.0;10.996502
11.0;10.997255
13.33243846;13.35392
11.33243846;11.332039
12.83314711;12.494124
11.83314711;11.831493
10.49968708;10.488912
11.83314711;11.86476
11.66651798;11.513243
10.33243846;10.358692
10.83314711;10.830848
10.16731733;10.184789
11.16731733;11.162097
10.33243846;10.370818
11.0;10.999789
12.66651798;12.641219
12.49968708;12.452999
10.66651798;10.717313
12.0;11.962905
12.0;11.82355
13.16731733;13.175026
11.0;11.062546
12.49968708;12.381887
11.83314711;11.842318
11.0;11.000457
13.83314711;13.570003
10.83314711;10.833292
13.16731733;13.140653
12.16731733;12.01265
13.16731733;13.167517
13.66651798;13.682148
11.49968708;11.499264
13.49968708;13.492005
10.83314711;10.834156
11.16731733;11.173693
11.49968708;11.478487
13.0;12.853338
12.83314711;12.849568
10.83314711;10.851908
12.66651798;12.476387
12.83314711;12.800005
12.0;12.0086565
10.66651798;10.776335
11.66651798;11.659791
10.66651798;10.685439
11.33243846;11.385604
10.33243846;10.965301
13.66651798;13.662909
10.33243846;10.523558
11.83314711;11.914014
10.66651798;10.669044
11.83314711;11.878406
10.0;10.00217
11.0;10.992426
12.33243846;12.318575
10.0;10.020408
13.16731733;13.170618
10.33243846;10.338544
11.33243846;11.372644
10.16731733;10.14947
13.33243846;13.332043
13.83314711;13.873556
10.66651798;10.657701
11.16731733;11.294931
12.66651798;12.671
12.33243846;12.370707
11.49968708;11.49653
12.66651798;12.676937
11.16731733;11.733096
13.83314711;13.829412
11.49968708;11.499451
11.66651798;11.749125
12.33243846;12.420414
12.0;12.000938
10.83314711;10.808769
13.0;12.993277
11.0;11.310349
13.0;13.002715
13.16731733;13.169267
13.0;13.010746
14.0;13.996458
10.49968708;10.49699
11.0;10.998676
11.49968708;11.379292
11.49968708;11.424997
10.83314711;10.827458
10.0;10.001919
13.49968708;13.494609
11.0;11.487941
10.49968708;10.712794
12.16731733;12.171958
13.33243846;13.330494
11.83314711;11.785672
12.83314711;12.836913
12.0;12.003284
13.49968708;13.50303
13.83314711;13.842545
14.0;13.326353
11.16731733;11.166989
10.16731733;10.136234
13.66651798;13.681808
11.49968708;11.497973
10.49968708;10.4993515
11.0;11.02999
13.0;13.001579
14.0;13.9511595
12.66651798;12.669657
10.0;10.02204
13.66651798;13.420441
11.0;11.594028
13.66651798;13.68402
14.0;13.992132
13.0;12.92409
11.83314711;11.8607645
12.0;12.005861
13.16731733;13.157026
12.16731733;12.190948
12.16731733;12.217753
10.66651798;10.683049
11.0;10.997843
10.33243846;10.29599
10.33243846;10.32557
10.83314711;10.853103
11.49968708;11.494943
11.33243846;11.196745
13.49968708;13.534714
10.0;10.014133
10.83314711;12.037867
11.16731733;11.099589
10.83314711;10.785905
10.83314711;10.796986
10.16731733;10.165533
10.49968708;10.50005
13.83314711;13.852473
13.0;13.05731
13.33243846;13.304719
11.16731733;11.145259
13.49968708;13.544243
11.83314711;11.743067
12.83314711;12.641201
13.0;12.9562025
11.0;11.318576
11.16731733;11.166147
10.49968708;10.497217
13.16731733;13.162348
13.66651798;13.668668
13.0;13.000017
13.0;13.012463
10.0;10.02335
11.33243846;11.332418
10.66651798;10.74629
10.49968708;10.501228
11.83314711;11.825908
12.33243846;12.091508
12.49968708;12.515874
10.33243846;10.3317795
11.16731733;11.163118
11.33243846;11.326142
10.83314711;10.808954
11.0;10.990268
10.83314711;10.88679
10.33243846;10.322288
10.0;10.003628
11.16731733;11.176932
11.0;10.989463
10.83314711;10.96518
13.33243846;13.292843
10.66651798;11.092712
14.0;13.996943
11.83314711;11.846925
11.66651798;11.706786
11.33243846;11.598772
13.49968708;13.463362
12.66651798;12.683657
10.49968708;10.504823
10.49968708;10.490246
11.0;11.059326
11.0;11.122332
10.49968708;10.49007
11.83314711;11.765296
11.49968708;11.531064
10.0;10.01215
11.83314711;11.829821
12.66651798;12.665393
12.33243846;12.053539
10.0;10.000718
11.0;11.00068
11.0;11.658384
11.0;11.205345
10.83314711;10.897345
10.83314711;10.843367
13.33243846;13.33131
14.0;13.998878
11.66651798;11.659374
12.16731733;12.116369
11.33243846;11.407174
10.49968708;10.484204
11.49968708;11.50055
13.83314711;13.789395
11.16731733;11.166854
11.66651798;11.661104
12.0;12.049519
11.66651798;11.738291
12.49968708;12.506784
13.49968708;13.504974
11.49968708;11.499884
10.83314711;10.84404
14.0;13.998589
13.49968708;13.226988
12.49968708;12.416165
14.0;13.97541
10.83314711;10.806757
11.0;11.28344
13.0;12.93705
11.66651798;11.67298
14.0;13.998099
10.83314711;10.924617
10.0;10.004594
13.49968708;13.451742
10.66651798;10.896644
13.16731733;13.170374
12.33243846;12.361447
14.0;13.988645
13.49968708;13.487617
12.83314711;12.809802
13.83314711;13.832454
14.0;13.989151
11.49968708;11.526267
11.83314711;11.91029
11.66651798;11.626701
11.16731733;11.183337
13.66651798;13.733562
11.16731733;11.128459
13.33243846;13.3794365
14.0;13.963906
11.33243846;11.333014
10.0;10.013323
11.49968708;11.499699
13.83314711;13.831121
11.33243846;11.333912
13.66651798;13.653369
12.83314711;12.84823
12.33243846;12.244953
11.49968708;11.502592
12.83314711;12.805693
10.66651798;10.6624975
13.66651798;13.68786
13.0;13.056489
13.83314711;13.860429
10.49968708;10.401863
12.49968708;12.189891
12.33243846;12.332653
10.33243846;10.332698
12.49968708;12.171264
10.66651798;10.715752
10.33243846;10.333729
13.16731733;13.043453
14.0;13.982525
10.16731733;10.167377
10.83314711;10.8340225
10.0;10.014931
12.49968708;12.530295
13.66651798;13.366141
12.33243846;12.329788
11.33243846;11.331615
13.16731733;13.238869
13.66651798;13.667305
12.49968708;12.521324
10.49968708;10.50005
11.66651798;11.747368
11.0;11.011863
10.83314711;10.826324
11.83314711;11.972136
12.33243846;12.292649
12.66651798;12.687544
13.66651798;13.670998
11.66651798;11.633665
14.0;13.990498
12.66651798;12.639643
14.0;12.978805
12.16731733;12.008357
10.16731733;10.163379
13.0;13.010768
13.0;12.941602
12.16731733;12.152981
12.49968708;12.157394
13.49968708;13.503232
13.33243846;13.3279915
13.33243846;13.334034
12.0;12.013076
13.33243846;13.336584
13.66651798;13.655561
12.0;11.760346
13.66651798;13.708696
13.16731733;13.169423
11.66651798;11.677016
13.66651798;13.673921
10.49968708;10.7196045
11.66651798;11.724247
10.83314711;10.833764
12.33243846;12.342797
13.0;13.004865
13.66651798;13.693667
11.66651798;11.682509
10.33243846;10.332637
10.16731733;10.215691
12.16731733;11.990345
13.0;13.026442
13.33243846;13.33264
10.66651798;10.696193
10.49968708;10.979634
11.66651798;11.666578
11.16731733;11.2026
13.0;13.001165
10.83314711;10.829587
10.0;10.021681
12.0;11.778196
10.66651798;10.712283
11.33243846;11.392665
11.83314711;11.830998
10.83314711;10.895801
12.33243846;12.374228
11.0;10.999027
10.0;10.069012
10.33243846;10.333183
12.0;11.923792
10.49968708;10.499691
12.49968708;12.35159
13.0;12.991295
13.16731733;13.171277
12.0;11.851956
11.66651798;11.521393
11.66651798;11.700712
11.0;11.638998
12.66651798;12.658704
10.49968708;10.503122
11.33243846;11.282594
13.83314711;13.850766
13.16731733;13.156533
10.16731733;10.181947
10.49968708;10.489186
10.66651798;10.661245
11.16731733;11.204989
13.33243846;13.339207
10.0;10.018494
11.16731733;11.167622
10.49968708;10.521945
13.66651798;13.674635
10.33243846;10.312793
13.33243846;13.349005
11.0;10.996939
10.16731733;10.169183
10.83314711;10.821912
13.0;12.996621
14.0;13.955031
12.49968708;12.536978
10.16731733;10.159833
12.16731733;12.121167
10.83314711;10.831699
13.49968708;13.491219
13.33243846;13.331909
11.16731733;11.171087
11.33243846;11.333536
13.33243846;13.334293
10.83314711;10.858082
12.83314711;12.822024
11.0;11.463303
11.16731733;11.167175
13.0;13.001512
12.16731733;12.182553
12.33243846;12.317997
13.83314711;13.856533
12.49968708;12.516946
10.0;10.000328
12.49968708;12.530122
12.83314711;12.835166
13.0;12.995495
10.16731733;10.222757
10.66651798;10.584827
11.16731733;11.218099
11.66651798;11.675657
10.16731733;10.200236
13.66651798;13.673853
12.33243846;12.335708
13.83314711;13.8397665
10.16731733;10.139515
13.0;12.883444
12.33243846;12.332218
10.83314711;10.82185
13.0;13.001695
13.49968708;13.508807
12.66651798;12.655202
12.66651798;12.736218
10.83314711;10.783014
10.16731733;10.129262
13.33243846;13.159756
11.83314711;11.822425
12.49968708;12.576529
13.66651798;13.663335
12.66651798;12.602093
10.66651798;10.581526
12.0;12.0154
13.16731733;13.172375
10.66651798;10.689053
12.16731733;12.137681
12.33243846;12.317108
13.66651798;13.653353
10.16731733;10.174083
12.66651798;12.688871
13.66651798;13.682018
12.83314711;12.796284
12.33243846;12.33239
12.66651798;12.672154
11.66651798;11.66788
14.0;13.965436
13.66651798;13.53175
11.49968708;11.527695
12.66651798;12.6233225
10.49968708;10.4936495
13.83314711;13.844585
13.66651798;13.544077
12.16731733;12.1517935
12.49968708;12.369236
11.0;11.705299
11.16731733;11.206247
11.66651798;11.703122
13.33243846;13.322304
11.49968708;11.374375
13.16731733;13.168508
10.16731733;10.259707
10.66651798;11.03622
12.0;11.922486
13.49968708;13.52791
10.0;10.000787
12.49968708;12.486647
12.49968708;12.574072
10.16731733;10.166874
14.0;13.781352
11.16731733;11.114598
13.66651798;13.643686
11.83314711;11.902329
11.16731733;11.166668
12.83314711;12.83432
13.16731733;13.171699
12.49968708;12.357022
13.16731733;13.170875
10.33243846;10.317756
13.16731733;13.170978
10.0;10.005423
12.49968708;12.540601
13.33243846;13.144372
10.83314711;10.866956
11.66651798;11.724066
12.16731733;12.100368
12.66651798;12.700276
13.33243846;13.354425
12.83314711;12.836245
11.16731733;11.172634
13.49968708;13.507804
12.16731733;12.184651
14.0;13.964041
13.0;13.000389
13.66651798;13.683332
12.33243846;12.391933
11.16731733;11.168993
13.0;12.98056
12.0;11.870384
12.0;11.976346
10.0;10.0130415
10.83314711;10.825267
10.83314711;11.245805
11.83314711;11.811478
11.0;10.970054
11.16731733;11.179358
10.0;10.001146
11.83314711;11.829777
12.49968708;12.445018
11.83314711;11.825085
10.16731733;10.199546
10.16731733;10.173309
13.16731733;13.223957
13.83314711;13.833783
11.0;10.988829
11.0;11.035192
12.49968708;12.5113325
11.16731733;11.1673
11.83314711;11.887627
10.83314711;10.827491
11.66651798;11.737284
12.83314711;12.834699
10.49968708;10.444293
11.83314711;11.76478
12.33243846;11.917805
12.83314711;12.391326
11.16731733;11.238382
12.83314711;12.851648
11.49968708;11.610079
10.49968708;10.678743
10.83314711;10.816581
13.16731733;13.168487
10.33243846;10.331247
10.83314711;10.834982
10.66651798;11.007805
11.16731733;11.176063
11.16731733;11.174968
10.33243846;10.266649
12.49968708;12.5113325
12.16731733;12.105863
11.49968708;11.483127
14.0;13.959563
12.83314711;12.832471
13.0;13.003743
10.16731733;10.189764
12.83314711;12.842358
10.16731733;10.167742
12.16731733;12.153683
13.83314711;13.8022
11.49968708;11.559192
10.33243846;10.406852
10.49968708;10.50005
14.0;13.988184
14.0;13.945646
14.0;13.039266
10.33243846;10.335786
13.16731733;13.282772
10.49968708;10.499111
10.83314711;10.833673
13.66651798;13.652928
12.49968708;12.500311
10.0;10.015938
12.0;11.959781
10.0;10.047477
11.0;11.000123
13.33243846;13.321205
12.66651798;12.671538
11.49968708;11.514794
13.33243846;13.29262
12.16731733;12.14932
11.33243846;11.313224
12.66651798;12.536232
12.49968708;12.490579
13.83314711;13.868028
11.83314711;11.91549
11.0;10.997448
13.16731733;13.171481
12.33243846;12.232508
12.66651798;12.63506
13.83314711;13.820657
13.0;13.000017
10.16731733;10.195561
12.33243846;12.311765
11.83314711;11.948661
12.66651798;12.501904
13.16731733;13.09808
13.66651798;13.689554
12.83314711;12.775442
11.33243846;11.331912
10.49968708;10.497355
10.49968708;10.365964
13.16731733;13.166289
12.16731733;12.167625
10.83314711;10.871482
12.66651798;12.739072
12.83314711;12.675232
12.0;11.858459
11.16731733;11.166668
10.0;10.127794
13.0;12.983347
12.83314711;12.833827
10.16731733;10.198555
14.0;13.945864
11.0;11.617019
10.66651798;10.6751795
12.49968708;12.480551
12.0;12.036363
13.66651798;13.641221
11.49968708;11.371752
13.83314711;13.855631
13.66651798;13.638804
10.83314711;10.832911
13.49968708;13.511095
10.49968708;10.527804
11.83314711;11.86008
13.49968708;13.50612
11.83314711;11.942768
10.66651798;10.670937
11.0;11.000012
11.49968708;11.53578
12.49968708;12.357391
10.16731733;10.166648
10.33243846;10.320835
13.83314711;13.737947
12.66651798;12.659132
11.0;10.974855
13.33243846;13.33383
10.33243846;10.332454
12.49968708;12.528014
11.49968708;11.4104595
11.16731733;11.165776
11.33243846;11.333827
14.0;13.999767
10.0;10.038658
13.0;13.020953
13.0;13.000017
12.66651798;12.531084
10.83314711;11.111739
10.66651798;10.647729
13.49968708;13.580174
11.33243846;11.332642
11.66651798;11.586948
12.0;11.895189
13.16731733;13.171277
11.0;11.4679365
11.83314711;11.834478
10.49968708;10.49901
12.0;11.919167
13.83314711;13.787839
10.33243846;10.347195
12.66651798;12.666114
11.0;11.032774
13.16731733;13.170385
12.16731733;12.190283
12.49968708;12.500713
10.33243846;10.41753
11.33243846;11.327639
13.0;13.028653
10.33243846;10.343162
10.83314711;10.84614
10.66651798;10.687175
11.49968708;11.565572
13.49968708;13.489874
11.66651798;11.752734
13.0;13.020117
10.16731733;10.167785
10.66651798;10.629946
12.49968708;12.48365
10.33243846;10.388049
12.33243846;12.349003
13.49968708;13.44823
12.33243846;12.316734
11.0;10.989865
13.16731733;13.15313
12.16731733;12.164132
12.49968708;12.458762
11.66651798;11.6689625
10.83314711;10.824652
10.16731733;10.14166
11.49968708;11.4558735
10.83314711;10.880916
10.16731733;10.232715
11.0;10.930509
12.16731733;12.171682
12.0;11.987247
10.16731733;10.167666
12.0;11.858914
10.49968708;10.491624
12.83314711;12.449404
13.49968708;13.529632
11.16731733;11.138077
13.33243846;13.288841
10.66651798;10.663389
14.0;13.9872
13.49968708;13.542313
11.0;11.000011
10.0;10.0002165
12.16731733;12.178897
12.83314711;12.764644
11.83314711;11.912682
13.16731733;13.174721
10.83314711;10.84618
12.83314711;12.7234
13.66651798;13.660798
12.83314711;12.843149
11.33243846;11.463574
13.16731733;13.234285
11.49968708;11.558323
11.0;10.940254
11.33243846;11.336445
13.49968708;13.505536
11.49968708;11.499699
12.83314711;12.859511
10.66651798;10.71682
10.33243846;10.439219
11.33243846;11.569435
11.16731733;11.172896
13.66651798;13.6427355
10.83314711;10.92726
14.0;13.989541
12.0;11.961166
12.0;11.980767
12.16731733;11.839937
10.66651798;10.791519
10.0;10.025453
12.0;12.024732
13.0;13.005537
12.33243846;12.305977
12.0;11.81323
10.83314711;10.853418
12.83314711;12.788804
10.66651798;10.681146
12.83314711;12.885018
10.0;10.009017
13.83314711;13.8383875
12.0;12.018331
12.66651798;12.673316
12.83314711;12.831797
10.16731733;10.1466255
10.83314711;10.835282
11.16731733;11.085767
11.66651798;11.751297
11.83314711;11.829781
11.66651798;11.665463
11.83314711;11.759512
13.66651798;13.656008
10.66651798;10.73495
10.83314711;10.847807
12.16731733;12.167846
12.33243846;12.325308
11.33243846;11.327596
10.83314711;10.871409
10.66651798;10.670885
10.49968708;10.564007
10.0;10.049032
10.33243846;10.356621
10.0;10.019959
13.66651798;13.715158
12.83314711;12.761942
11.66651798;11.621417
13.83314711;13.826833
11.49968708;11.578815
13.66651798;13.68402
13.49968708;13.508121
10.33243846;10.293074
11.0;11.037153
10.0;10.054599
11.66651798;11.711804
12.83314711;12.761173
13.83314711;13.851878
12.33243846;12.374343
13.66651798;13.615781
11.66651798;11.659407
12.83314711;12.832838
11.83314711;11.815606
13.66651798;13.666781
10.49968708;10.506463
10.33243846;10.353433
13.33243846;13.345472
13.16731733;13.147732
13.33243846;13.338209
14.0;13.933095
11.49968708;11.499271
13.83314711;13.859731
12.33243846;12.041723
12.49968708;12.494082
13.66651798;13.679157
11.83314711;11.878093
13.0;12.9871435
10.83314711;10.834679
10.33243846;10.405617
14.0;12.912827
11.66651798;11.677095
13.33243846;13.332411
12.49968708;12.473618
11.16731733;11.1673
12.49968708;12.475491
13.16731733;13.251708
12.33243846;12.317997
12.16731733;12.172885
14.0;13.989018
13.49968708;13.504478
13.49968708;13.4729395
11.16731733;11.2065525
11.16731733;11.179569
10.16731733;10.116755
11.33243846;11.331477
10.33243846;10.326666
11.66651798;11.702722
13.83314711;13.8199005
10.49968708;10.496613
12.16731733;12.179593
11.16731733;11.259118
10.49968708;10.501029
11.0;11.002446
13.49968708;13.507228
11.0;11.000011
13.66651798;13.663758
13.49968708;13.498798
12.33243846;12.3287945
11.49968708;11.541737
11.33243846;11.399688
12.83314711;12.842209
11.33243846;11.42325
10.16731733;10.164351
10.83314711;10.832675
10.66651798;10.681399
14.0;13.993096
10.83314711;10.834693
13.33243846;13.332411
11.83314711;11.779279
10.66651798;10.701641
12.66651798;12.639196
12.49968708;12.501376
13.49968708;13.546681
14.0;13.9499855
12.66651798;12.666383
12.66651798;12.659012
10.0;10.022824
10.49968708;10.498079
10.0;10.0124445
10.33243846;10.339264
11.0;11.150039
14.0;13.991762
11.66651798;11.6518755
13.16731733;13.168398
11.0;11.137791
11.16731733;11.169353
12.33243846;12.33158
13.83314711;13.810707
11.83314711;11.796442
10.49968708;10.500568
12.83314711;12.719496
13.16731733;13.170374
12.66651798;12.450235
11.66651798;11.634642
10.49968708;10.583103
13.33243846;13.351706
10.33243846;10.3606205
11.33243846;11.332858
11.49968708;11.535228
10.33243846;10.34928
13.0;13.020204
10.83314711;10.762408
11.83314711;11.822616
10.66651798;10.621605
14.0;13.944463
13.16731733;13.154184
13.83314711;13.798372
11.83314711;11.750304
13.66651798;13.664957
12.83314711;12.75942
12.83314711;12.694511
11.33243846;11.330593
12.33243846;12.352667
12.66651798;12.586172
12.66651798;12.690859
11.83314711;11.831025
10.0;10.009838
14.0;13.996874
10.33243846;10.569715
13.66651798;13.700455
10.49968708;10.505647
10.16731733;10.193054
12.16731733;12.181799
13.49968708;13.4840355
12.16731733;12.11815
10.33243846;10.332669
12.0;12.057378
11.33243846;11.381502
13.16731733;13.169897
11.33243846;11.536676
14.0;13.935335
10.33243846;10.331591
11.16731733;11.410057
10.66651798;10.619425
13.66651798;13.664902
10.33243846;10.333003
10.83314711;10.827828
13.0;12.591431
11.49968708;11.550466
10.0;10.005183
10.83314711;10.88674
11.83314711;11.830155
12.49968708;12.298935
12.83314711;12.836497
10.16731733;10.166335
12.66651798;12.66379
10.0;10.0002165
10.66651798;10.67901
13.49968708;13.507162
14.0;13.982136
11.83314711;11.762007
10.83314711;10.827835
10.66651798;10.721817
14.0;12.915365
13.0;12.9903555
12.83314711;12.842717
11.66651798;11.635934
10.16731733;10.198735
11.49968708;11.50891
13.66651798;13.679361
10.33243846;10.325967
13.83314711;13.875086
10.0;10.0295925
10.66651798;10.593179
10.49968708;10.5040245
10.83314711;10.899119
12.33243846;12.374541
14.0;13.337155
11.49968708;11.417717
12.66651798;12.666827
13.16731733;13.149961
11.66651798;11.676983
13.33243846;13.319843
10.49968708;10.5011425
10.16731733;10.182833
12.16731733;12.175656
10.16731733;10.161404
10.83314711;10.83113
13.0;12.997391
12.49968708;12.486457
12.16731733;12.14731
12.16731733;12.263891
11.66651798;11.663797
13.16731733;12.772734
13.33243846;13.331493
11.16731733;11.1717415
11.66651798;11.663168
13.66651798;13.665493
10.83314711;10.843664
10.33243846;10.330567
10.16731733;10.149884
13.0;12.981336
11.33243846;11.332318
12.83314711;12.6225195
11.33243846;11.39354
12.0;11.962983
11.16731733;11.231368
12.49968708;12.494082
10.33243846;10.237013
10.66651798;10.668123
13.66651798;13.698561
10.49968708;10.528542
10.66651798;10.664211
12.33243846;12.328674
14.0;12.907539
11.16731733;11.185686
12.33243846;12.0893
10.49968708;10.497264
13.49968708;13.444154
13.0;12.997077
13.16731733;13.187691
12.33243846;12.2051935
13.0;13.079255
11.16731733;11.158166
10.0;10.000117
13.66651798;13.66172
10.49968708;10.500643
12.49968708;12.492318
13.33243846;13.331364
12.33243846;12.327498
12.0;12.01922
10.83314711;10.917313
11.49968708;11.520675
12.16731733;12.159856
12.83314711;12.831797
13.0;12.94738
13.83314711;13.788099
10.49968708;10.430716
10.0;10.023692
11.83314711;11.763855
13.33243846;13.379213
12.66651798;12.689266
14.0;13.970891
11.0;10.998867
11.0;11.037304
10.16731733;10.169973
13.49968708;13.509157
11.66651798;11.6665325
10.0;10.056826
12.83314711;12.833006
10.49968708;10.504161
12.83314711;12.8920965
11.83314711;11.837616
13.33243846;13.331268
13.49968708;13.526171
10.83314711;10.836415
13.0;12.986028
12.16731733;12.14137
11.33243846;11.365987
13.33243846;13.312248
12.83314711;12.88824
12.16731733;12.16943
12.0;11.990725
12.66651798;12.645066
13.83314711;13.941648
10.49968708;10.493423
13.0;12.988172
12.33243846;12.283065
11.16731733;11.660451
10.66651798;10.811912
11.66651798;11.756359
11.83314711;11.811567
11.49968708;11.540301
11.66651798;11.71316
10.33243846;10.332664
11.0;11.807958
11.66651798;11.708439
10.49968708;10.49395
10.49968708;10.521542
11.83314711;11.843217
12.49968708;12.252123
13.33243846;13.29598
10.66651798;10.676796
12.49968708;12.529594
13.49968708;13.514315
10.33243846;10.341343
14.0;13.996458
12.49968708;12.544929
10.49968708;10.537981
12.0;11.991132
13.0;12.951754
13.66651798;13.67517
10.16731733;10.134168
10.16731733;10.135303
12.33243846;12.332613
12.16731733;12.117974
11.33243846;11.321911
13.83314711;13.842818
11.83314711;11.80716
13.0;12.98888
13.66651798;13.663174
10.66651798;10.736265
11.83314711;11.867595
13.83314711;13.851922
13.49968708;13.463772
10.16731733;10.173112
11.66651798;11.581516
10.83314711;10.83361
13.16731733;13.09511
11.0;11.007999
12.49968708;12.498932
11.83314711;11.870461
12.83314711;12.809877
10.16731733;10.173301
12.16731733;12.177445
12.33243846;12.3196335
13.66651798;13.643033
10.0;10.014634
10.49968708;10.495543
12.16731733;12.02254
10.49968708;10.55545
13.83314711;13.864687
12.33243846;11.975742
11.83314711;11.798453
10.0;10.033375
10.16731733;10.168907
11.0;11.051173
11.0;11.233727
11.0;10.999542
11.16731733;11.214489
11.83314711;11.8305855
11.49968708;11.480045
11.66651798;11.749307
10.16731733;10.165521
10.83314711;10.83054
12.49968708;12.497132
13.83314711;13.818688
14.0;13.934891
13.16731733;13.170374
13.16731733;13.172913
12.33243846;12.333296
10.16731733;10.167091
10.66651798;10.801628
11.49968708;11.583928
13.83314711;13.847611
10.16731733;10.132782
10.66651798;10.638874
12.83314711;12.652141
12.0;12.093575
12.0;12.013356
10.33243846;10.326465
13.16731733;13.169267
13.66651798;13.588003
13.16731733;13.170059
11.0;10.998454
10.66651798;10.694373
12.66651798;12.670036
13.0;13.011437
10.33243846;10.371431
11.0;11.317817
11.16731733;11.18834
10.16731733;10.144113
13.16731733;13.199107
13.16731733;13.167296
11.0;10.998422
12.83314711;12.895588
11.16731733;11.388125
11.49968708;11.363797
10.16731733;10.165849
10.0;10.054211
11.0;11.052918
12.66651798;12.665393
12.33243846;12.444538
13.49968708;13.504478
10.66651798;10.667049
12.49968708;12.5006075
10.66651798;10.668886
13.66651798;13.652293
11.16731733;11.174723
10.0;10.005089
12.0;11.966495
13.16731733;13.204945
11.0;10.981395
13.49968708;13.483098
13.33243846;13.335678
11.49968708;11.637915
13.49968708;13.502274
12.83314711;12.857084
11.66651798;11.660915
13.16731733;13.167296
10.49968708;10.487603
11.33243846;11.333728
12.66651798;12.6380205
12.16731733;12.16862
13.16731733;13.139869
12.49968708;12.574072
10.0;10.118317
12.83314711;12.837928
10.49968708;10.500606
13.49968708;13.5031805
12.49968708;12.50012
12.33243846;12.326897
13.33243846;13.316561
11.0;10.99309
11.49968708;11.406042
10.0;10.011995
10.16731733;10.157092
11.83314711;11.800236
13.33243846;13.324099
10.83314711;10.860826
11.66651798;11.709409
12.49968708;12.485408
10.16731733;10.164408
12.16731733;12.242714
13.49968708;13.50778
12.16731733;12.210319
10.33243846;10.381211
12.83314711;12.834832
10.83314711;10.898505
10.49968708;10.50005
12.33243846;12.335769
12.66651798;12.460833
11.66651798;11.711363
14.0;13.995876
13.66651798;13.670714
10.49968708;10.488468
10.49968708;10.522119
12.66651798;12.670811
10.0;10.001109
11.66651798;11.687413
13.16731733;13.157278
10.49968708;10.504165
11.49968708;11.595601
12.0;11.963105
11.33243846;11.31867
12.33243846;11.942077
10.66651798;11.313843
13.0;13.000017
11.66651798;11.682728
12.33243846;12.23009
10.66651798;10.665916
13.0;13.000017
11.49968708;11.492261
11.33243846;11.331947
11.66651798;11.733649
11.33243846;11.356531
10.49968708;10.508953
12.33243846;12.386873
12.0;12.046013
12.0;12.005737
12.0;11.990119
12.66651798;12.58966
13.49968708;13.54685
11.49968708;11.625202
13.33243846;13.348423
13.66651798;13.690971
11.33243846;11.299217
11.66651798;11.658439
12.49968708;12.463675
12.83314711;12.827646
13.33243846;13.303663
11.83314711;11.828634
13.49968708;13.514569
13.49968708;13.501206
10.33243846;10.355155
11.33243846;11.282484
12.83314711;12.652685
13.66651798;13.565931
12.33243846;12.379158
11.66651798;11.680101
12.0;11.94684
10.66651798;10.751768
13.33243846;13.377325
13.83314711;13.847323
11.33243846;11.3911085
11.33243846;11.53204
13.83314711;13.771123
10.0;10.039111
10.16731733;10.263496
10.16731733;10.204044
11.16731733;11.1673
13.0;13.005972
10.33243846;10.331266
10.33243846;10.325851
10.83314711;10.832356
10.0;10.074278
10.49968708;10.995009
11.0;11.016171
12.16731733;12.031859
13.33243846;13.332621
11.0;11.042862
13.83314711;13.814615
11.16731733;11.166097
12.83314711;12.736008
12.49968708;12.505536
11.16731733;11.200684
13.33243846;13.307007
10.49968708;10.523862
11.16731733;11.15046
10.49968708;10.581352
11.49968708;11.5376215
10.83314711;10.871816
11.49968708;11.474451
10.66651798;10.777644
11.16731733;11.501747
11.83314711;11.795308
14.0;13.998878
11.49968708;11.499699
11.83314711;11.913124
13.16731733;13.093894
10.66651798;10.6666355
12.83314711;12.813885
10.33243846;10.392751
12.0;12.04426
11.0;11.590727
12.83314711;12.865359
12.0;11.648777
10.66651798;10.735771
12.33243846;12.35437
10.49968708;10.52802
14.0;13.967718
11.83314711;11.898341
13.16731733;13.091606
12.83314711;12.842792
11.33243846;11.319858
13.0;13.005621
11.16731733;11.324219
11.83314711;11.83669
12.33243846;12.350018
10.0;10.023956
10.33243846;10.434362
11.66651798;11.724389
14.0;12.920343
12.16731733;12.011442
12.66651798;12.657397
10.0;10.00194
11.16731733;11.081808
13.16731733;13.159218
10.83314711;10.937488
13.16731733;13.266053
11.66651798;11.707584
12.33243846;12.413121
11.0;11.034283
12.66651798;12.699012
13.49968708;13.509231
10.33243846;10.32134
12.49968708;12.375541
11.0;10.975873
10.49968708;10.569005
10.66651798;10.691595
12.33243846;12.218402
10.33243846;10.384555
13.49968708;13.548214
11.66651798;11.77113
13.0;13.006268
13.16731733;13.170618
13.0;13.006065
13.49968708;13.489874
11.0;10.935874
12.16731733;12.191513
13.33243846;13.331091
13.83314711;13.79391
10.49968708;11.070026
12.33243846;12.331159
10.49968708;10.510496
11.49968708;11.533626
12.0;11.9119625
11.66651798;11.732821
10.83314711;10.819512
11.66651798;11.684011
11.33243846;11.234665
10.16731733;10.149652
12.16731733;11.77646
13.83314711;13.831559
13.49968708;13.487817
13.33243846;13.35228
12.66651798;12.063454
12.16731733;12.253302
11.33243846;11.321765
13.16731733;13.17209
11.33243846;11.387373
11.66651798;11.664429
13.49968708;13.581991
11.16731733;11.162347
11.49968708;11.609669
10.0;9.999993
10.49968708;10.441726
12.66651798;12.692548
12.83314711;12.710876
10.0;10.041806
11.49968708;11.625303
12.16731733;12.171095
11.16731733;11.185344
11.0;11.113368
10.33243846;10.329526
12.33243846;12.304448
12.0;12.005732
13.49968708;13.548364
12.83314711;12.849348
12.0;12.046246
13.16731733;13.144014
13.83314711;13.756584
10.16731733;10.211658
12.83314711;12.702253
11.33243846;11.482307
13.66651798;13.680807
13.66651798;13.654263
13.66651798;13.61449
11.66651798;11.663956
12.49968708;12.500342
10.0;10.000886
13.66651798;13.65185
10.16731733;10.180819
13.33243846;13.307007
12.0;12.000225
11.49968708;11.499264
13.33243846;13.415743
11.33243846;11.335762
11.0;10.956323
12.16731733;12.144314
11.49968708;11.659903
10.66651798;10.657568
10.16731733;10.2519655
10.16731733;10.231015
10.0;10.000179
13.33243846;13.332043
11.83314711;11.805816
12.66651798;12.664104
11.83314711;11.930398
13.83314711;13.75472
12.83314711;12.833129
12.83314711;12.834494
12.16731733;12.16862
11.33243846;11.407669
10.49968708;10.490283
13.49968708;13.249686
